x,y,z,p
-3.5000e-07,-2.3740e-05,3.9055e+00,9.9947922e-04
5.0335e-01,-2.3740e-05,3.8683e+00,9.9948221e-04
3.1382e-01,3.9350e-01,3.8682e+00,9.9948048e-04
-1.1201e-01,4.9074e-01,3.8686e+00,9.9948574e-04
-4.5347e-01,2.1835e-01,3.8680e+00,9.9947800e-04
-4.5354e-01,-2.1844e-01,3.8687e+00,9.9948669e-04
-1.1200e-01,-4.9072e-01,3.8681e+00,9.9947875e-04
3.1384e-01,-3.9357e-01,3.8685e+00,9.9948434e-04
9.9492e-01,-2.3740e-05,3.7589e+00,9.9950148e-04
8.8035e-01,4.6202e-01,3.7562e+00,9.9946578e-04
5.6510e-01,8.1867e-01,3.7584e+00,9.9949439e-04
1.2001e-01,9.8833e-01,3.7616e+00,9.9953730e-04
-3.5292e-01,9.3055e-01,3.7602e+00,9.9951874e-04
-7.4428e-01,6.5935e-01,3.7567e+00,9.9947159e-04
-9.6558e-01,2.3797e-01,3.7572e+00,9.9947862e-04
-9.6650e-01,-2.3824e-01,3.7608e+00,9.9952757e-04
-7.4515e-01,-6.6017e-01,3.7612e+00,9.9953230e-04
-3.5269e-01,-9.2998e-01,3.7576e+00,9.9948441e-04
1.1985e-01,-9.8706e-01,3.7564e+00,9.9946826e-04
5.6529e-01,-8.1899e-01,3.7597e+00,9.9951203e-04
8.8160e-01,-4.6272e-01,3.7617e+00,9.9953903e-04
1.4647e+00,-2.3740e-05,3.5833e+00,9.9954842e-04
1.3822e+00,4.7449e-01,3.5750e+00,9.9945423e-04
1.1531e+00,8.9744e-01,3.5744e+00,9.9944779e-04
8.0086e-01,1.2258e+00,3.5822e+00,9.9953517e-04
3.6033e-01,1.4229e+00,3.5913e+00,9.9963461e-04
-1.2129e-01,1.4637e+00,3.5935e+00,9.9965761e-04
-5.8889e-01,1.3425e+00,3.5867e+00,9.9958491e-04
-9.9036e-01,1.0758e+00,3.5772e+00,9.9947911e-04
-1.2848e+00,6.9525e-01,3.5735e+00,9.9943761e-04
-1.4430e+00,2.4077e-01,3.5790e+00,9.9949955e-04
-1.4468e+00,-2.4145e-01,3.5887e+00,9.9960665e-04
-1.2918e+00,-6.9912e-01,3.5938e+00,9.9966145e-04
-9.9371e-01,-1.0795e+00,3.5897e+00,9.9961740e-04
-5.8784e-01,-1.3402e+00,3.5801e+00,9.9951167e-04
-1.2064e-01,-1.4559e+00,3.5737e+00,9.9943972e-04
3.5888e-01,-1.4172e+00,3.5763e+00,9.9946915e-04
8.0158e-01,-1.2269e+00,3.5855e+00,9.9957219e-04
1.1589e+00,-9.0203e-01,3.5931e+00,9.9965351e-04
1.3886e+00,-4.7673e-01,3.5920e+00,9.9964253e-04
1.9061e+00,-2.3740e-05,3.3512e+00,9.9949710e-04
1.8369e+00,4.7161e-01,3.3336e+00,9.9942361e-04
1.6582e+00,9.1159e-01,3.3260e+00,9.9938006e-04
1.3819e+00,1.2977e+00,3.3323e+00,9.9941624e-04
1.0208e+00,1.6085e+00,3.3492e+00,9.9949058e-04
5.9184e-01,1.8215e+00,3.3677e+00,9.9952909e-04
1.2060e-01,1.9169e+00,3.3777e+00,9.9953017e-04
-3.5948e-01,1.8845e+00,3.3736e+00,9.9953141e-04
-8.1312e-01,1.7279e+00,3.3577e+00,9.9951409e-04
-1.2107e+00,1.4634e+00,3.3388e+00,9.9944901e-04
-1.5313e+00,1.1126e+00,3.3270e+00,9.9938642e-04
-1.7608e+00,6.9711e-01,3.3287e+00,9.9939615e-04
-1.8866e+00,2.3830e-01,3.3428e+00,9.9946697e-04
-1.8970e+00,-2.3967e-01,3.3620e+00,9.9952233e-04
-1.7849e+00,-7.0670e-01,3.3758e+00,9.9953105e-04
-1.5534e+00,-1.1286e+00,3.3765e+00,9.9953073e-04
-1.2195e+00,-1.4741e+00,3.3639e+00,9.9952489e-04
-8.1009e-01,-1.7215e+00,3.3447e+00,9.9947446e-04
-3.5495e-01,-1.8607e+00,3.3296e+00,9.9940146e-04
1.1884e-01,-1.8889e+00,3.3265e+00,9.9938325e-04
5.8663e-01,-1.8055e+00,3.3371e+00,9.9944084e-04
1.0227e+00,-1.6115e+00,3.3557e+00,9.9950939e-04
1.3980e+00,-1.3128e+00,3.3724e+00,9.9953129e-04
1.6832e+00,-9.2540e-01,3.3779e+00,9.9953001e-04
1.8559e+00,-4.7653e-01,3.3693e+00,9.9953023e-04
2.3166e+00,-2.3740e-05,3.0724e+00,1.0000000e-03
2.2447e+00,4.7709e-01,3.0425e+00,9.9904389e-04
2.0841e+00,9.2789e-01,3.0240e+00,9.9921721e-04
1.8461e+00,1.3413e+00,3.0247e+00,9.9921120e-04
1.5365e+00,1.7065e+00,3.0445e+00,9.9902062e-04
1.1592e+00,2.0077e+00,3.0749e+00,1.0000000e-03
7.2315e-01,2.2256e+00,3.1049e+00,1.0000000e-03
2.4597e-01,2.3403e+00,3.1228e+00,1.0000000e-03
-2.4592e-01,2.3397e+00,3.1220e+00,1.0000000e-03
-7.2270e-01,2.2242e+00,3.1029e+00,1.0000000e-03
-1.1583e+00,2.0062e+00,3.0724e+00,1.0000000e-03
-1.5355e+00,1.7053e+00,3.0425e+00,9.9904388e-04
-1.8457e+00,1.3409e+00,3.0240e+00,9.9921718e-04
-2.0846e+00,9.2812e-01,3.0247e+00,9.9921123e-04
-2.2461e+00,4.7740e-01,3.0445e+00,9.9902062e-04
-2.3184e+00,-2.3740e-05,3.0749e+00,1.0000000e-03
-2.2890e+00,-4.8657e-01,3.1049e+00,1.0000000e-03
-2.1497e+00,-9.5714e-01,3.1228e+00,1.0000000e-03
-1.9033e+00,-1.3829e+00,3.1220e+00,1.0000000e-03
-1.5649e+00,-1.7380e+00,3.1029e+00,1.0000000e-03
-1.1583e+00,-2.0062e+00,3.0724e+00,1.0000000e-03
-7.0913e-01,-2.1825e+00,3.0424e+00,9.9904364e-04
-2.3847e-01,-2.2689e+00,3.0239e+00,9.9921688e-04
2.3853e-01,-2.2694e+00,3.0247e+00,9.9921090e-04
7.0959e-01,-2.1839e+00,3.0445e+00,9.9902038e-04
1.1592e+00,-2.0078e+00,3.0749e+00,1.0000000e-03
1.5659e+00,-1.7391e+00,3.1049e+00,1.0000000e-03
1.9037e+00,-1.3832e+00,3.1228e+00,1.0000000e-03
2.1492e+00,-9.5692e-01,3.1220e+00,1.0000000e-03
2.2876e+00,-4.8627e-01,3.1029e+00,1.0000000e-03
2.6957e+00,-2.3740e-05,2.7545e+00,1.0000000e-03
2.6124e+00,4.7405e-01,2.7112e+00,1.0000000e-03
2.4580e+00,9.2247e-01,2.6797e+00,1.0000000e-03
2.2461e+00,1.3419e+00,2.6701e+00,1.0000000e-03
1.9816e+00,1.7312e+00,2.6860e+00,1.0000000e-03
1.6615e+00,2.0834e+00,2.7217e+00,1.0000000e-03
1.2825e+00,2.3832e+00,2.7659e+00,9.9999999e-04
8.4793e-01,2.6096e+00,2.8060e+00,9.9999993e-04
3.7153e-01,2.7427e+00,2.8313e+00,9.9999988e-04
-1.2437e-01,2.7693e+00,2.8359e+00,9.9999986e-04
-6.1323e-01,2.6867e+00,2.8186e+00,9.9999991e-04
-1.0702e+00,2.5038e+00,2.7835e+00,9.9999997e-04
-1.4773e+00,2.2380e+00,2.7396e+00,1.0000000e-03
-1.8267e+00,1.9106e+00,2.6988e+00,1.0000000e-03
-2.1194e+00,1.5398e+00,2.6737e+00,1.0000000e-03
-2.3595e+00,1.1362e+00,2.6727e+00,1.0000000e-03
-2.5457e+00,7.0254e-01,2.6962e+00,1.0000000e-03
-2.6676e+00,2.4007e-01,2.7362e+00,1.0000000e-03
-2.7089e+00,-2.4383e-01,2.7803e+00,9.9999998e-04
-2.6546e+00,-7.3264e-01,2.8164e+00,9.9999991e-04
-2.4971e+00,-1.2026e+00,2.8353e+00,9.9999986e-04
-2.2401e+00,-1.6275e+00,2.8325e+00,9.9999987e-04
-1.8979e+00,-1.9851e+00,2.8085e+00,9.9999993e-04
-1.4927e+00,-2.2613e+00,2.7693e+00,9.9999999e-04
-1.0486e+00,-2.4532e+00,2.7250e+00,1.0000000e-03
-5.8597e-01,-2.5673e+00,2.6881e+00,1.0000000e-03
-1.1740e-01,-2.6141e+00,2.6705e+00,1.0000000e-03
3.5221e-01,-2.6001e+00,2.6780e+00,1.0000000e-03
8.1957e-01,-2.5224e+00,2.7082e+00,1.0000000e-03
1.2758e+00,-2.3709e+00,2.7510e+00,1.0000000e-03
1.7037e+00,-2.1364e+00,2.7938e+00,9.9999996e-04
2.0798e+00,-1.8171e+00,2.8250e+00,9.9999989e-04
2.3805e+00,-1.4223e+00,2.8369e+00,9.9999986e-04
2.5872e+00,-9.7101e-01,2.8267e+00,9.9999989e-04
2.6913e+00,-4.8843e-01,2.7967e+00,9.9999995e-04
3.0405e+00,-2.3740e-05,2.3992e+00,9.9999893e-04
2.9375e+00,4.7737e-01,2.3459e+00,9.9999967e-04
2.7731e+00,9.2578e-01,2.3025e+00,9.9999996e-04
2.5665e+00,1.3470e+00,2.2818e+00,1.0000000e-03
2.3260e+00,1.7478e+00,2.2909e+00,9.9999998e-04
2.0454e+00,2.1294e+00,2.3266e+00,9.9999984e-04
1.7123e+00,2.4807e+00,2.3776e+00,9.9999926e-04
1.3197e+00,2.7811e+00,2.4306e+00,9.9999844e-04
8.7114e-01,3.0075e+00,2.4743e+00,9.9999794e-04
3.8126e-01,3.1399e+00,2.5006e+00,9.9999781e-04
-1.2758e-01,3.1659e+00,2.5052e+00,9.9999780e-04
-6.2945e-01,3.0832e+00,2.4872e+00,9.9999786e-04
-1.0998e+00,2.8999e+00,2.4497e+00,9.9999818e-04
-1.5202e+00,2.6331e+00,2.3992e+00,9.9999893e-04
-1.8822e+00,2.3052e+00,2.3459e+00,9.9999967e-04
-2.1883e+00,1.9387e+00,2.3025e+00,9.9999996e-04
-2.4498e+00,1.5491e+00,2.2818e+00,1.0000000e-03
-2.6767e+00,1.1404e+00,2.2909e+00,9.9999998e-04
-2.8669e+00,7.0659e-01,2.3266e+00,9.9999984e-04
-3.0045e+00,2.4252e-01,2.3776e+00,9.9999926e-04
-3.0683e+00,-2.4773e-01,2.4306e+00,9.9999844e-04
-3.0402e+00,-7.4936e-01,2.4742e+00,9.9999794e-04
-2.9099e+00,-1.2398e+00,2.5006e+00,9.9999781e-04
-2.6780e+00,-1.6935e+00,2.5051e+00,9.9999780e-04
-2.3554e+00,-2.0867e+00,2.4872e+00,9.9999786e-04
-1.9615e+00,-2.4024e+00,2.4497e+00,9.9999818e-04
-1.5202e+00,-2.6331e+00,2.3992e+00,9.9999893e-04
-1.0553e+00,-2.7826e+00,2.3459e+00,9.9999967e-04
-5.8478e-01,-2.8645e+00,2.3025e+00,9.9999996e-04
-1.1671e-01,-2.8962e+00,2.2818e+00,1.0000000e-03
3.5070e-01,-2.8883e+00,2.2909e+00,9.9999998e-04
8.2147e-01,-2.8361e+00,2.3266e+00,9.9999984e-04
1.2922e+00,-2.7232e+00,2.3775e+00,9.9999926e-04
1.7487e+00,-2.5334e+00,2.4305e+00,9.9999844e-04
2.1690e+00,-2.2582e+00,2.4742e+00,9.9999794e-04
2.5286e+00,-1.9002e+00,2.5006e+00,9.9999781e-04
2.8056e+00,-1.4725e+00,2.5051e+00,9.9999780e-04
2.9849e+00,-9.9652e-01,2.4872e+00,9.9999786e-04
3.0613e+00,-4.9753e-01,2.4497e+00,9.9999818e-04
3.3430e+00,-2.3740e-05,2.0055e+00,9.9999359e-04
3.2200e+00,4.7386e-01,1.9494e+00,9.9999629e-04
3.0419e+00,9.1516e-01,1.8999e+00,9.9999902e-04
2.8331e+00,1.3281e+00,1.8696e+00,9.9999985e-04
2.6084e+00,1.7256e+00,1.8687e+00,9.9999986e-04
2.3631e+00,2.1173e+00,1.8975e+00,9.9999911e-04
2.0788e+00,2.4979e+00,1.9463e+00,9.9999648e-04
1.7389e+00,2.8493e+00,2.0023e+00,9.9999369e-04
1.3377e+00,3.1479e+00,2.0546e+00,9.9999332e-04
8.8130e-01,3.3710e+00,2.0952e+00,9.9999436e-04
3.8516e-01,3.5004e+00,2.1188e+00,9.9999521e-04
-1.2884e-01,3.5255e+00,2.1228e+00,9.9999535e-04
-6.3616e-01,3.4441e+00,2.1066e+00,9.9999476e-04
-1.1133e+00,3.2634e+00,2.0722e+00,9.9999367e-04
-1.5417e+00,2.9985e+00,2.0237e+00,9.9999324e-04
-1.9108e+00,2.6708e+00,1.9680e+00,9.9999520e-04
-2.2212e+00,2.3039e+00,1.9149e+00,9.9999832e-04
-2.4855e+00,1.9192e+00,1.8768e+00,9.9999972e-04
-2.7229e+00,1.5282e+00,1.8655e+00,9.9999990e-04
-2.9452e+00,1.1264e+00,1.8851e+00,9.9999953e-04
-3.1448e+00,7.0052e-01,1.9286e+00,9.9999755e-04
-3.2997e+00,2.4148e-01,1.9836e+00,9.9999440e-04
-3.3854e+00,-2.4780e-01,2.0381e+00,9.9999318e-04
-3.3827e+00,-7.5356e-01,2.0833e+00,9.9999398e-04
-3.2807e+00,-1.2548e+00,2.1130e+00,9.9999499e-04
-3.0777e+00,-1.7273e+00,2.1237e+00,9.9999538e-04
-2.7815e+00,-2.1478e+00,2.1141e+00,9.9999503e-04
-2.4077e+00,-2.4974e+00,2.0854e+00,9.9999405e-04
-1.9777e+00,-2.7644e+00,2.0410e+00,9.9999319e-04
-1.5151e+00,-2.9469e+00,1.9868e+00,9.9999426e-04
-1.0418e+00,-3.0537e+00,1.9315e+00,9.9999738e-04
-5.7330e-01,-3.1038e+00,1.8870e+00,9.9999947e-04
-1.1405e-01,-3.1208e+00,1.8658e+00,9.9999990e-04
3.4320e-01,-3.1191e+00,1.8753e+00,9.9999975e-04
8.0837e-01,-3.0921e+00,1.9122e+00,9.9999846e-04
1.2824e+00,-3.0177e+00,1.9647e+00,9.9999538e-04
1.7539e+00,-2.8739e+00,2.0206e+00,9.9999328e-04
2.2032e+00,-2.6474e+00,2.0697e+00,9.9999361e-04
2.6067e+00,-2.3356e+00,2.1051e+00,9.9999471e-04
2.9417e+00,-1.9462e+00,2.1224e+00,9.9999534e-04
3.1897e+00,-1.4953e+00,2.1195e+00,9.9999523e-04
3.3393e+00,-1.0047e+00,2.0970e+00,9.9999442e-04
3.3881e+00,-4.9865e-01,2.0573e+00,9.9999336e-04
3.5912e+00,-2.3740e-05,1.5738e+00,9.9998555e-04
3.4487e+00,4.7399e-01,1.5220e+00,9.9998662e-04
3.2534e+00,9.1153e-01,1.4738e+00,9.9999399e-04
3.0336e+00,1.3177e+00,1.4403e+00,9.9999867e-04
2.8114e+00,1.7096e+00,1.4323e+00,9.9999930e-04
2.5862e+00,2.1040e+00,1.4528e+00,9.9999726e-04
2.3360e+00,2.5013e+00,1.4944e+00,9.9999044e-04
2.0363e+00,2.8847e+00,1.5455e+00,9.9998512e-04
1.6739e+00,3.2305e+00,1.5960e+00,9.9998716e-04
1.2490e+00,3.5143e+00,1.6390e+00,9.9999141e-04
7.7208e-01,3.7154e+00,1.6696e+00,9.9999415e-04
2.6122e-01,3.8188e+00,1.6852e+00,9.9999528e-04
-2.6108e-01,3.8168e+00,1.6842e+00,9.9999521e-04
-7.7085e-01,3.7095e+00,1.6668e+00,9.9999392e-04
-1.2458e+00,3.5053e+00,1.6345e+00,9.9999096e-04
-1.6684e+00,3.2198e+00,1.5904e+00,9.9998668e-04
-2.0288e+00,2.8741e+00,1.5394e+00,9.9998534e-04
-2.3279e+00,2.4926e+00,1.4888e+00,9.9999138e-04
-2.5801e+00,2.0990e+00,1.4491e+00,9.9999773e-04
-2.8103e+00,1.7090e+00,1.4317e+00,9.9999933e-04
-3.0390e+00,1.3200e+00,1.4431e+00,9.9999840e-04
-3.2639e+00,9.1447e-01,1.4789e+00,9.9999310e-04
-3.4615e+00,4.7575e-01,1.5281e+00,9.9998606e-04
-3.6038e+00,-2.3740e-05,1.5797e+00,9.9998589e-04
-3.6672e+00,-5.0407e-01,1.6258e+00,9.9999008e-04
-3.6364e+00,-1.0189e+00,1.6610e+00,9.9999344e-04
-3.5043e+00,-1.5221e+00,1.6818e+00,9.9999504e-04
-3.2727e+00,-1.9902e+00,1.6863e+00,9.9999535e-04
-2.9514e+00,-2.4011e+00,1.6743e+00,9.9999451e-04
-2.5569e+00,-2.7378e+00,1.6467e+00,9.9999215e-04
-2.1105e+00,-2.9900e+00,1.6061e+00,9.9998809e-04
-1.6355e+00,-3.1563e+00,1.5567e+00,9.9998501e-04
-1.1537e+00,-3.2461e+00,1.5050e+00,9.9998876e-04
-6.8160e-01,-3.2801e+00,1.4604e+00,9.9999618e-04
-2.2485e-01,-3.2872e+00,1.4344e+00,9.9999915e-04
2.2510e-01,-3.2909e+00,1.4361e+00,9.9999902e-04
6.8355e-01,-3.2894e+00,1.4649e+00,9.9999548e-04
1.1579e+00,-3.2580e+00,1.5110e+00,9.9998793e-04
1.6414e+00,-3.1678e+00,1.5628e+00,9.9998512e-04
2.1171e+00,-2.9992e+00,1.6114e+00,9.9998862e-04
2.5627e+00,-2.7440e+00,1.6507e+00,9.9999252e-04
2.9551e+00,-2.4042e+00,1.6766e+00,9.9999467e-04
3.2733e+00,-1.9905e+00,1.6867e+00,9.9999538e-04
3.5011e+00,-1.5208e+00,1.6801e+00,9.9999493e-04
3.6293e+00,-1.0169e+00,1.6575e+00,9.9999314e-04
3.6569e+00,-5.0265e-01,1.6209e+00,9.9998958e-04
3.7727e+00,-2.3740e-05,1.1098e+00,9.9998123e-04
3.6143e+00,4.7580e-01,1.0684e+00,9.9997625e-04
3.4033e+00,9.1188e-01,1.0287e+00,9.9998446e-04
3.1710e+00,1.3135e+00,9.9916e-01,9.9999521e-04
2.9451e+00,1.7003e+00,9.8890e-01,9.9999785e-04
2.7297e+00,2.0946e+00,1.0019e+00,9.9999435e-04
2.5012e+00,2.5011e+00,1.0332e+00,9.9998290e-04
2.2288e+00,2.9046e+00,1.0735e+00,9.9997626e-04
1.8939e+00,3.2803e+00,1.1147e+00,9.9998228e-04
1.4924e+00,3.6029e+00,1.1510e+00,9.9998990e-04
1.0317e+00,3.8502e+00,1.1791e+00,9.9999414e-04
5.2725e-01,4.0048e+00,1.1964e+00,9.9999594e-04
-3.5000e-07,4.0560e+00,1.2018e+00,9.9999639e-04
-5.2665e-01,4.0003e+00,1.1949e+00,9.9999580e-04
-1.0294e+00,3.8416e+00,1.1762e+00,9.9999378e-04
-1.4876e+00,3.5913e+00,1.1470e+00,9.9998914e-04
-1.8864e+00,3.2673e+00,1.1098e+00,9.9998124e-04
-2.2192e+00,2.8921e+00,1.0684e+00,9.9997626e-04
-2.4914e+00,2.4913e+00,1.0287e+00,9.9998447e-04
-2.7230e+00,2.0894e+00,9.9916e-01,9.9999522e-04
-2.9451e+00,1.7003e+00,9.8890e-01,9.9999785e-04
-3.1789e+00,1.3167e+00,1.0019e+00,9.9999435e-04
-3.4167e+00,9.1547e-01,1.0332e+00,9.9998289e-04
-3.6299e+00,4.7786e-01,1.0735e+00,9.9997625e-04
-3.7877e+00,-2.3740e-05,1.1146e+00,9.9998228e-04
-3.8664e+00,-5.0904e-01,1.1510e+00,9.9998990e-04
-3.8502e+00,-1.0317e+00,1.1791e+00,9.9999414e-04
-3.7319e+00,-1.5458e+00,1.1964e+00,9.9999593e-04
-3.5126e+00,-2.0280e+00,1.2018e+00,9.9999638e-04
-3.2010e+00,-2.4562e+00,1.1949e+00,9.9999580e-04
-2.8122e+00,-2.8122e+00,1.1761e+00,9.9999378e-04
-2.3663e+00,-3.0839e+00,1.1469e+00,9.9998913e-04
-1.8863e+00,-3.2672e+00,1.1097e+00,9.9998123e-04
-1.3950e+00,-3.3679e+00,1.0684e+00,9.9997626e-04
-9.1188e-01,-3.4032e+00,1.0287e+00,9.9998447e-04
-4.4800e-01,-3.4029e+00,9.9914e-01,9.9999522e-04
-3.5000e-07,-3.4007e+00,9.8888e-01,9.9999786e-04
4.4910e-01,-3.4113e+00,1.0019e+00,9.9999435e-04
9.1547e-01,-3.4166e+00,1.0332e+00,9.9998290e-04
1.4010e+00,-3.3825e+00,1.0735e+00,9.9997625e-04
1.8938e+00,-3.2802e+00,1.1146e+00,9.9998227e-04
2.3740e+00,-3.0938e+00,1.1510e+00,9.9998989e-04
2.8185e+00,-2.8185e+00,1.1790e+00,9.9999414e-04
3.2046e+00,-2.4590e+00,1.1964e+00,9.9999593e-04
3.5126e+00,-2.0280e+00,1.2018e+00,9.9999638e-04
3.7276e+00,-1.5441e+00,1.1949e+00,9.9999580e-04
3.8415e+00,-1.0294e+00,1.1762e+00,9.9999378e-04
3.8540e+00,-5.0741e-01,1.1470e+00,9.9998914e-04
3.8783e+00,-2.3740e-05,6.2376e-01,9.9998103e-04
3.7133e+00,4.6908e-01,5.9792e-01,9.9997282e-04
3.4973e+00,8.9794e-01,5.7273e-01,9.9997800e-04
3.2613e+00,1.2912e+00,5.5304e-01,9.9999123e-04
3.0344e+00,1.6682e+00,5.4449e-01,9.9999622e-04
2.8257e+00,2.0529e+00,5.5020e-01,9.9999306e-04
2.6142e+00,2.4549e+00,5.6804e-01,9.9998081e-04
2.3678e+00,2.8622e+00,5.9255e-01,9.9997247e-04
2.0635e+00,3.2516e+00,6.1858e-01,9.9997894e-04
1.6932e+00,3.5982e+00,6.4253e-01,9.9998825e-04
1.2605e+00,3.8795e+00,6.6207e-01,9.9999365e-04
7.7773e-01,4.0770e+00,6.7569e-01,9.9999605e-04
2.6284e-01,4.1778e+00,6.8247e-01,9.9999691e-04
-2.6269e-01,4.1753e+00,6.8200e-01,9.9999686e-04
-7.7638e-01,4.0699e+00,6.7431e-01,9.9999585e-04
-1.2570e+00,3.8685e+00,6.5988e-01,9.9999317e-04
-1.6868e+00,3.5847e+00,6.3968e-01,9.9998725e-04
-2.0544e+00,3.2371e+00,6.1531e-01,9.9997767e-04
-2.3568e+00,2.8489e+00,5.8925e-01,9.9997262e-04
-2.6036e+00,2.4450e+00,5.6527e-01,9.9998264e-04
-2.8193e+00,2.0483e+00,5.4870e-01,9.9999397e-04
-3.0359e+00,1.6690e+00,5.4480e-01,9.9999607e-04
-3.2710e+00,1.2951e+00,5.5504e-01,9.9998986e-04
-3.5127e+00,9.0189e-01,5.7576e-01,9.9997645e-04
-3.7307e+00,4.7128e-01,6.0127e-01,9.9997338e-04
-3.8949e+00,-2.3740e-05,6.2693e-01,9.9998232e-04
-3.9822e+00,-5.0309e-01,6.4962e-01,9.9999050e-04
-3.9776e+00,-1.0213e+00,6.6731e-01,9.9999470e-04
-3.8738e+00,-1.5338e+00,6.7872e-01,9.9999646e-04
-3.6712e+00,-2.0183e+00,6.8311e-01,9.9999699e-04
-3.3770e+00,-2.4536e+00,6.8021e-01,9.9999665e-04
-3.0046e+00,-2.8215e+00,6.7019e-01,9.9999520e-04
-2.5722e+00,-3.1092e+00,6.5370e-01,9.9999165e-04
-2.1010e+00,-3.3106e+00,6.3190e-01,9.9998432e-04
-1.6131e+00,-3.4280e+00,6.0664e-01,9.9997471e-04
-1.1288e+00,-3.4742e+00,5.8077e-01,9.9997442e-04
-6.6273e-01,-3.4742e+00,5.5862e-01,9.9998733e-04
-2.1786e-01,-3.4628e+00,5.4580e-01,9.9999557e-04
2.1816e-01,-3.4677e+00,5.4673e-01,9.9999508e-04
6.6512e-01,-3.4867e+00,5.6105e-01,9.9998559e-04
1.1340e+00,-3.4902e+00,5.8398e-01,9.9997349e-04
1.6205e+00,-3.4438e+00,6.0997e-01,9.9997575e-04
2.1094e+00,-3.3240e+00,6.3492e-01,9.9998549e-04
2.5803e+00,-3.1191e+00,6.5613e-01,9.9999228e-04
3.0109e+00,-2.8275e+00,6.7185e-01,9.9999547e-04
3.3803e+00,-2.4559e+00,6.8098e-01,9.9999674e-04
3.6705e+00,-2.0179e+00,6.8295e-01,9.9999697e-04
3.8686e+00,-1.5317e+00,6.7765e-01,9.9999632e-04
3.9678e+00,-1.0188e+00,6.6538e-01,9.9999433e-04
3.9684e+00,-5.0135e-01,6.4696e-01,9.9998969e-04
3.9045e+00,-2.3740e-05,1.2959e-01,9.9997968e-04
3.7361e+00,4.7195e-01,1.2086e-01,9.9997247e-04
3.5171e+00,9.0300e-01,1.1239e-01,9.9997858e-04
3.2789e+00,1.2982e+00,1.0580e-01,9.9999129e-04
3.0507e+00,1.6771e+00,1.0296e-01,9.9999602e-04
2.8409e+00,2.0640e+00,1.0486e-01,9.9999302e-04
2.6288e+00,2.4686e+00,1.1082e-01,9.9998136e-04
2.3821e+00,2.8794e+00,1.1905e-01,9.9997241e-04
2.0772e+00,3.2731e+00,1.2783e-01,9.9997769e-04
1.7055e+00,3.6243e+00,1.3594e-01,9.9998694e-04
1.2703e+00,3.9097e+00,1.4257e-01,9.9999273e-04
7.8408e-01,4.1103e+00,1.4720e-01,9.9999540e-04
2.6504e-01,4.2127e+00,1.4950e-01,9.9999638e-04
-2.6489e-01,4.2102e+00,1.4934e-01,9.9999632e-04
-7.8270e-01,4.1030e+00,1.4673e-01,9.9999518e-04
-1.2667e+00,3.8985e+00,1.4183e-01,9.9999220e-04
-1.6989e+00,3.6104e+00,1.3498e-01,9.9998590e-04
-2.0678e+00,3.2583e+00,1.2673e-01,9.9997651e-04
-2.3708e+00,2.8658e+00,1.1794e-01,9.9997273e-04
-2.6180e+00,2.4585e+00,1.0989e-01,9.9998314e-04
-2.8344e+00,2.0593e+00,1.0436e-01,9.9999387e-04
-3.0521e+00,1.6779e+00,1.0306e-01,9.9999587e-04
-3.2887e+00,1.3021e+00,1.0647e-01,9.9999000e-04
-3.5327e+00,9.0701e-01,1.1340e-01,9.9997701e-04
-3.7539e+00,4.7420e-01,1.2199e-01,9.9997284e-04
-3.9215e+00,-2.3740e-05,1.3066e-01,9.9998093e-04
-4.0119e+00,-5.0684e-01,1.3835e-01,9.9998931e-04
-4.0092e+00,-1.0294e+00,1.4435e-01,9.9999388e-04
-3.9058e+00,-1.5465e+00,1.4823e-01,9.9999587e-04
-3.7020e+00,-2.0352e+00,1.4972e-01,9.9999646e-04
-3.4050e+00,-2.4739e+00,1.4873e-01,9.9999608e-04
-3.0287e+00,-2.8442e+00,1.4533e-01,9.9999445e-04
-2.5916e+00,-3.1328e+00,1.3973e-01,9.9999054e-04
-2.1156e+00,-3.3337e+00,1.3234e-01,9.9998291e-04
-1.6233e+00,-3.4497e+00,1.2380e-01,9.9997390e-04
-1.1353e+00,-3.4942e+00,1.1509e-01,9.9997487e-04
-6.6635e-01,-3.4931e+00,1.0767e-01,9.9998762e-04
-2.1903e-01,-3.4814e+00,1.0340e-01,9.9999539e-04
2.1934e-01,-3.4863e+00,1.0370e-01,9.9999493e-04
6.6876e-01,-3.5058e+00,1.0848e-01,9.9998597e-04
1.1406e+00,-3.5105e+00,1.1616e-01,9.9997384e-04
1.6309e+00,-3.4659e+00,1.2492e-01,9.9997479e-04
2.1243e+00,-3.3474e+00,1.3336e-01,9.9998410e-04
2.6000e+00,-3.1429e+00,1.4056e-01,9.9999122e-04
3.0352e+00,-2.8503e+00,1.4589e-01,9.9999475e-04
3.4084e+00,-2.4764e+00,1.4900e-01,9.9999619e-04
3.7012e+00,-2.0348e+00,1.4967e-01,9.9999644e-04
3.9004e+00,-1.5443e+00,1.4786e-01,9.9999571e-04
3.9991e+00,-1.0268e+00,1.4370e-01,9.9999348e-04
3.9977e+00,-5.0505e-01,1.3745e-01,9.9998846e-04
3.8549e+00,-2.3740e-05,-3.5860e-01,9.9997038e-04
3.6949e+00,4.6675e-01,-3.5037e-01,9.9996502e-04
3.4864e+00,8.9514e-01,-3.4253e-01,9.9997637e-04
3.2584e+00,1.2901e+00,-3.3655e-01,9.9999138e-04
3.0355e+00,1.6687e+00,-3.3400e-01,9.9999627e-04
2.8242e+00,2.0519e+00,-3.3570e-01,9.9999320e-04
2.6073e+00,2.4484e+00,-3.4109e-01,9.9997996e-04
2.3568e+00,2.8489e+00,-3.4869e-01,9.9996599e-04
2.0514e+00,3.2325e+00,-3.5694e-01,9.9996832e-04
1.6824e+00,3.5752e+00,-3.6466e-01,9.9997924e-04
1.2523e+00,3.8541e+00,-3.7102e-01,9.9998759e-04
7.7266e-01,4.0504e+00,-3.7549e-01,9.9999183e-04
2.6114e-01,4.1508e+00,-3.7773e-01,9.9999345e-04
-2.6099e-01,4.1483e+00,-3.7757e-01,9.9999335e-04
-7.7132e-01,4.0434e+00,-3.7504e-01,9.9999146e-04
-1.2488e+00,3.8433e+00,-3.7031e-01,9.9998678e-04
-1.6761e+00,3.5619e+00,-3.6373e-01,9.9997787e-04
-2.0425e+00,3.2185e+00,-3.5589e-01,9.9996720e-04
-2.3463e+00,2.8362e+00,-3.4765e-01,9.9996700e-04
-2.5975e+00,2.4392e+00,-3.4025e-01,9.9998215e-04
-2.8185e+00,2.0477e+00,-3.3525e-01,9.9999409e-04
-3.0368e+00,1.6695e+00,-3.3409e-01,9.9999612e-04
-3.2673e+00,1.2936e+00,-3.3715e-01,9.9998999e-04
-3.5008e+00,8.9883e-01,-3.4346e-01,9.9997421e-04
-3.7115e+00,4.6885e-01,-3.5143e-01,9.9996485e-04
-3.8711e+00,-2.3740e-05,-3.5961e-01,9.9997177e-04
-3.9564e+00,-4.9983e-01,-3.6696e-01,9.9998253e-04
-3.9516e+00,-1.0146e+00,-3.7274e-01,9.9998938e-04
-3.8487e+00,-1.5238e+00,-3.7649e-01,9.9999259e-04
-3.6475e+00,-2.0052e+00,-3.7794e-01,9.9999359e-04
-3.3551e+00,-2.4376e+00,-3.7698e-01,9.9999294e-04
-2.9850e+00,-2.8031e+00,-3.7369e-01,9.9999028e-04
-2.5554e+00,-3.0890e+00,-3.6829e-01,9.9998430e-04
-2.0879e+00,-3.2900e+00,-3.6122e-01,9.9997410e-04
-1.6044e+00,-3.4095e+00,-3.5313e-01,9.9996520e-04
-1.1245e+00,-3.4609e+00,-3.4501e-01,9.9997100e-04
-6.6168e-01,-3.4686e+00,-3.3823e-01,9.9998736e-04
-2.1789e-01,-3.4633e+00,-3.3439e-01,9.9999564e-04
2.1817e-01,-3.4677e+00,-3.3466e-01,9.9999517e-04
6.6387e-01,-3.4801e+00,-3.3896e-01,9.9998548e-04
1.1294e+00,-3.4760e+00,-3.4601e-01,9.9996926e-04
1.6115e+00,-3.4247e+00,-3.5419e-01,9.9996578e-04
2.0962e+00,-3.3031e+00,-3.6219e-01,9.9997556e-04
2.5635e+00,-3.0987e+00,-3.6908e-01,9.9998531e-04
2.9913e+00,-2.8090e+00,-3.7423e-01,9.9999077e-04
3.3584e+00,-2.4400e+00,-3.7724e-01,9.9999312e-04
3.6468e+00,-2.0048e+00,-3.7789e-01,9.9999355e-04
3.8434e+00,-1.5217e+00,-3.7614e-01,9.9999233e-04
3.9418e+00,-1.0121e+00,-3.7211e-01,9.9998875e-04
3.9428e+00,-4.9811e-01,-3.6610e-01,9.9998132e-04
3.7402e+00,-2.3740e-05,-8.2954e-01,9.9995119e-04
3.5997e+00,4.5472e-01,-8.0820e-01,9.9995226e-04
3.4139e+00,8.7652e-01,-7.8842e-01,9.9997373e-04
3.2058e+00,1.2692e+00,-7.7379e-01,9.9999277e-04
2.9934e+00,1.6456e+00,-7.6768e-01,9.9999776e-04
2.7808e+00,2.0203e+00,-7.7175e-01,9.9999473e-04
2.5558e+00,2.4000e+00,-7.8487e-01,9.9997875e-04
2.2984e+00,2.7783e+00,-8.0390e-01,9.9995543e-04
1.9919e+00,3.1386e+00,-8.2519e-01,9.9994970e-04
1.6283e+00,3.4603e+00,-8.4559e-01,9.9996113e-04
1.2095e+00,3.7224e+00,-8.6271e-01,9.9997388e-04
7.4534e-01,3.9072e+00,-8.7485e-01,9.9998162e-04
2.5177e-01,4.0018e+00,-8.8096e-01,9.9998485e-04
-2.5163e-01,3.9996e+00,-8.8053e-01,9.9998464e-04
-7.4413e-01,3.9009e+00,-8.7362e-01,9.9998092e-04
-1.2064e+00,3.7128e+00,-8.6077e-01,9.9997250e-04
-1.6228e+00,3.4486e+00,-8.4312e-01,9.9995933e-04
-1.9842e+00,3.1266e+00,-8.2246e-01,9.9994914e-04
-2.2896e+00,2.7676e+00,-8.0127e-01,9.9995784e-04
-2.5478e+00,2.3925e+00,-7.8279e-01,9.9998165e-04
-2.7762e+00,2.0170e+00,-7.7068e-01,9.9999564e-04
-2.9944e+00,1.6462e+00,-7.6791e-01,9.9999762e-04
-3.2129e+00,1.2720e+00,-7.7524e-01,9.9999122e-04
-3.4257e+00,8.7954e-01,-7.9074e-01,9.9997051e-04
-3.6138e+00,4.5650e-01,-8.1091e-01,9.9995081e-04
-3.7542e+00,-2.3740e-05,-8.3221e-01,9.9995244e-04
-3.8262e+00,-4.8338e-01,-8.5175e-01,9.9996577e-04
-3.8147e+00,-9.7947e-01,-8.6736e-01,9.9997704e-04
-3.7116e+00,-1.4696e+00,-8.7757e-01,9.9998312e-04
-3.5164e+00,-1.9332e+00,-8.8153e-01,9.9998513e-04
-3.2353e+00,-2.3506e+00,-8.7891e-01,9.9998382e-04
-2.8808e+00,-2.7053e+00,-8.6993e-01,9.9997869e-04
-2.4702e+00,-2.9860e+00,-8.5533e-01,9.9996848e-04
-2.0235e+00,-3.1885e+00,-8.3644e-01,9.9995483e-04
-1.5607e+00,-3.3167e+00,-8.1529e-01,9.9994934e-04
-1.0992e+00,-3.3830e+00,-7.9462e-01,9.9996538e-04
-6.5008e-01,-3.4078e+00,-7.7786e-01,9.9998815e-04
-2.1479e-01,-3.4141e+00,-7.6861e-01,9.9999717e-04
2.1501e-01,-3.4175e+00,-7.6927e-01,9.9999672e-04
6.5183e-01,-3.4171e+00,-7.7965e-01,9.9998587e-04
1.1033e+00,-3.3955e+00,-7.9712e-01,9.9996233e-04
1.5668e+00,-3.3296e+00,-8.1803e-01,9.9994895e-04
2.0307e+00,-3.2000e+00,-8.3903e-01,9.9995648e-04
2.4774e+00,-2.9947e+00,-8.5746e-01,9.9997008e-04
2.8865e+00,-2.7106e+00,-8.7141e-01,9.9997960e-04
3.2382e+00,-2.3527e+00,-8.7961e-01,9.9998418e-04
3.5157e+00,-1.9328e+00,-8.8139e-01,9.9998506e-04
3.7069e+00,-1.4677e+00,-8.7661e-01,9.9998260e-04
3.8060e+00,-9.7723e-01,-8.6564e-01,9.9997590e-04
3.8141e+00,-4.8186e-01,-8.4943e-01,9.9996401e-04
3.5755e+00,-2.3740e-05,-1.2778e+00,9.9994588e-04
3.4570e+00,4.5510e-01,-1.2490e+00,9.9996032e-04
3.2925e+00,8.8221e-01,-1.2236e+00,9.9998447e-04
3.0998e+00,1.2840e+00,-1.2063e+00,9.9999747e-04
2.8906e+00,1.6688e+00,-1.2006e+00,9.9999947e-04
2.6657e+00,2.0454e+00,-1.2078e+00,9.9999669e-04
2.4163e+00,2.4163e+00,-1.2264e+00,9.9998181e-04
2.1291e+00,2.7747e+00,-1.2525e+00,9.9995760e-04
1.7932e+00,3.1059e+00,-1.2814e+00,9.9994547e-04
1.4046e+00,3.3909e+00,-1.3086e+00,9.9995028e-04
9.6740e-01,3.6104e+00,-1.3305e+00,9.9996030e-04
4.9347e-01,3.7483e+00,-1.3445e+00,9.9996736e-04
-3.5000e-07,3.7941e+00,-1.3489e+00,9.9996954e-04
-4.9298e-01,3.7445e+00,-1.3432e+00,9.9996675e-04
-9.6557e-01,3.6035e+00,-1.3282e+00,9.9995914e-04
-1.4009e+00,3.3820e+00,-1.3055e+00,9.9994916e-04
-1.7878e+00,3.0965e+00,-1.2778e+00,9.9994589e-04
-2.1227e+00,2.7663e+00,-1.2490e+00,9.9996032e-04
-2.4103e+00,2.4103e+00,-1.2236e+00,9.9998447e-04
-2.6619e+00,2.0425e+00,-1.2063e+00,9.9999747e-04
-2.8906e+00,1.6688e+00,-1.2006e+00,9.9999947e-04
-3.1043e+00,1.2858e+00,-1.2078e+00,9.9999669e-04
-3.3008e+00,8.8442e-01,-1.2264e+00,9.9998181e-04
-3.4675e+00,4.5649e-01,-1.2525e+00,9.9995760e-04
-3.5864e+00,-2.3740e-05,-1.2814e+00,9.9994546e-04
-3.6389e+00,-4.7909e-01,-1.3086e+00,9.9995027e-04
-3.6103e+00,-9.6741e-01,-1.3305e+00,9.9996028e-04
-3.4928e+00,-1.4468e+00,-1.3444e+00,9.9996735e-04
-3.2858e+00,-1.8971e+00,-1.3488e+00,9.9996953e-04
-2.9963e+00,-2.2992e+00,-1.3432e+00,9.9996674e-04
-2.6379e+00,-2.6379e+00,-1.3282e+00,9.9995912e-04
-2.2284e+00,-2.9042e+00,-1.3055e+00,9.9994915e-04
-1.7877e+00,-3.0965e+00,-1.2778e+00,9.9994589e-04
-1.3344e+00,-3.2214e+00,-1.2490e+00,9.9996033e-04
-8.8223e-01,-3.2925e+00,-1.2236e+00,9.9998448e-04
-4.3795e-01,-3.3266e+00,-1.2063e+00,9.9999748e-04
-3.5000e-07,-3.3377e+00,-1.2006e+00,9.9999947e-04
4.3857e-01,-3.3313e+00,-1.2078e+00,9.9999670e-04
8.8443e-01,-3.3008e+00,-1.2264e+00,9.9998182e-04
1.3384e+00,-3.2312e+00,-1.2524e+00,9.9995761e-04
1.7932e+00,-3.1059e+00,-1.2813e+00,9.9994547e-04
2.2343e+00,-2.9118e+00,-1.3086e+00,9.9995027e-04
2.6429e+00,-2.6429e+00,-1.3305e+00,9.9996028e-04
2.9993e+00,-2.3015e+00,-1.3444e+00,9.9996735e-04
3.2858e+00,-1.8971e+00,-1.3488e+00,9.9996953e-04
3.4893e+00,-1.4453e+00,-1.3432e+00,9.9996674e-04
3.6035e+00,-9.6558e-01,-1.3282e+00,9.9995913e-04
3.6293e+00,-4.7784e-01,-1.3055e+00,9.9994915e-04
3.3762e+00,-2.3740e-05,-1.7048e+00,9.9996877e-04
3.2842e+00,4.5138e-01,-1.6760e+00,9.9998087e-04
3.1431e+00,8.8064e-01,-1.6521e+00,9.9999257e-04
2.9647e+00,1.2877e+00,-1.6371e+00,9.9999809e-04
2.7556e+00,1.6757e+00,-1.6337e+00,9.9999891e-04
2.5163e+00,2.0471e+00,-1.6425e+00,9.9999640e-04
2.2424e+00,2.4010e+00,-1.6620e+00,9.9998788e-04
1.9273e+00,2.7303e+00,-1.6887e+00,9.9997495e-04
1.5662e+00,3.0227e+00,-1.7180e+00,9.9996520e-04
1.1593e+00,3.2619e+00,-1.7451e+00,9.9996242e-04
7.1314e-01,3.4318e+00,-1.7655e+00,9.9996383e-04
2.4074e-01,3.5195e+00,-1.7761e+00,9.9996547e-04
-2.4064e-01,3.5181e+00,-1.7754e+00,9.9996536e-04
-7.1230e-01,3.4278e+00,-1.7635e+00,9.9996359e-04
-1.1572e+00,3.2561e+00,-1.7422e+00,9.9996244e-04
-1.5629e+00,3.0162e+00,-1.7146e+00,9.9996598e-04
-1.9231e+00,2.7245e+00,-1.6853e+00,9.9997645e-04
-2.2384e+00,2.3967e+00,-1.6592e+00,9.9998922e-04
-2.5136e+00,2.0450e+00,-1.6409e+00,9.9999695e-04
-2.7552e+00,1.6754e+00,-1.6335e+00,9.9999896e-04
-2.9671e+00,1.2887e+00,-1.6383e+00,9.9999776e-04
-3.1481e+00,8.8203e-01,-1.6545e+00,9.9999148e-04
-3.2910e+00,4.5231e-01,-1.6793e+00,9.9997930e-04
-3.3836e+00,-2.3740e-05,-1.7083e+00,9.9996769e-04
-3.4117e+00,-4.6895e-01,-1.7366e+00,9.9996265e-04
-3.3632e+00,-9.4234e-01,-1.7596e+00,9.9996316e-04
-3.2311e+00,-1.4035e+00,-1.7737e+00,9.9996506e-04
-3.0156e+00,-1.8339e+00,-1.7769e+00,9.9996562e-04
-2.7242e+00,-2.2163e+00,-1.7686e+00,9.9996427e-04
-2.3702e+00,-2.5379e+00,-1.7501e+00,9.9996252e-04
-1.9708e+00,-2.7920e+00,-1.7242e+00,9.9996404e-04
-1.5437e+00,-2.9792e+00,-1.6950e+00,9.9997233e-04
-1.1039e+00,-3.1062e+00,-1.6673e+00,9.9998525e-04
-6.6145e-01,-3.1831e+00,-1.6459e+00,9.9999515e-04
-2.2022e-01,-3.2195e+00,-1.6346e+00,9.9999871e-04
2.2033e-01,-3.2211e+00,-1.6353e+00,9.9999854e-04
6.6234e-01,-3.1874e+00,-1.6480e+00,9.9999434e-04
1.1061e+00,-3.1122e+00,-1.6703e+00,9.9998374e-04
1.5470e+00,-2.9857e+00,-1.6984e+00,9.9997100e-04
1.9748e+00,-2.7977e+00,-1.7275e+00,9.9996355e-04
2.3740e+00,-2.5420e+00,-1.7528e+00,9.9996264e-04
2.7267e+00,-2.2184e+00,-1.7702e+00,9.9996450e-04
3.0160e+00,-1.8341e+00,-1.7771e+00,9.9996566e-04
3.2289e+00,-1.4025e+00,-1.7726e+00,9.9996488e-04
3.3585e+00,-9.4102e-01,-1.7573e+00,9.9996296e-04
3.4051e+00,-4.6804e-01,-1.7334e+00,9.9996288e-04
3.1506e+00,-2.3740e-05,-2.1155e+00,9.9998776e-04
3.0806e+00,4.5335e-01,-2.0921e+00,9.9999109e-04
2.9542e+00,8.8877e-01,-2.0739e+00,9.9999408e-04
2.7790e+00,1.3027e+00,-2.0638e+00,9.9999576e-04
2.5593e+00,1.6932e+00,-2.0636e+00,9.9999581e-04
2.2967e+00,2.0578e+00,-2.0731e+00,9.9999422e-04
1.9906e+00,2.3919e+00,-2.0909e+00,9.9999128e-04
1.6402e+00,2.6875e+00,-2.1141e+00,9.9998793e-04
1.2463e+00,2.9328e+00,-2.1384e+00,9.9998533e-04
8.1416e-01,3.1142e+00,-2.1588e+00,9.9998395e-04
3.5422e-01,3.2193e+00,-2.1714e+00,9.9998348e-04
-1.1841e-01,3.2399e+00,-2.1736e+00,9.9998342e-04
-5.8639e-01,3.1747e+00,-2.1649e+00,9.9998369e-04
-1.0333e+00,3.0289e+00,-2.1470e+00,9.9998465e-04
-1.4465e+00,2.8135e+00,-2.1237e+00,9.9998678e-04
-1.8186e+00,2.5419e+00,-2.0996e+00,9.9998995e-04
-2.1470e+00,2.2269e+00,-2.0792e+00,9.9999319e-04
-2.4321e+00,1.8780e+00,-2.0662e+00,9.9999538e-04
-2.6747e+00,1.5011e+00,-2.0625e+00,9.9999598e-04
-2.8741e+00,1.0992e+00,-2.0689e+00,9.9999493e-04
-3.0271e+00,6.7429e-01,-2.0842e+00,9.9999236e-04
-3.1273e+00,2.2887e-01,-2.1060e+00,9.9998902e-04
-3.1657e+00,-2.3172e-01,-2.1305e+00,9.9998607e-04
-3.1324e+00,-6.9780e-01,-2.1527e+00,9.9998429e-04
-3.0204e+00,-1.1552e+00,-2.1683e+00,9.9998357e-04
-2.8279e+00,-1.5871e+00,-2.1741e+00,9.9998341e-04
-2.5603e+00,-1.9770e+00,-2.1689e+00,9.9998355e-04
-2.2286e+00,-2.3116e+00,-2.1538e+00,9.9998423e-04
-1.8482e+00,-2.5833e+00,-2.1318e+00,9.9998594e-04
-1.4348e+00,-2.7906e+00,-2.1074e+00,9.9998883e-04
-1.0019e+00,-2.9368e+00,-2.0853e+00,9.9999219e-04
-5.5911e-01,-3.0270e+00,-2.0695e+00,9.9999482e-04
-1.1202e-01,-3.0653e+00,-2.0626e+00,9.9999596e-04
3.3600e-01,-3.0537e+00,-2.0657e+00,9.9999546e-04
7.8203e-01,-2.9913e+00,-2.0782e+00,9.9999336e-04
1.2216e+00,-2.8747e+00,-2.0983e+00,9.9999015e-04
1.6469e+00,-2.6985e+00,-2.1223e+00,9.9998695e-04
2.0459e+00,-2.4584e+00,-2.1458e+00,9.9998475e-04
2.4034e+00,-2.1535e+00,-2.1640e+00,9.9998372e-04
2.7036e+00,-1.7887e+00,-2.1733e+00,9.9998343e-04
2.9330e+00,-1.3750e+00,-2.1718e+00,9.9998347e-04
3.0838e+00,-9.2781e-01,-2.1598e+00,9.9998391e-04
3.1547e+00,-4.6430e-01,-2.1397e+00,9.9998522e-04
2.8964e+00,-2.3740e-05,-2.5122e+00,9.9999401e-04
2.8396e+00,4.6146e-01,-2.4960e+00,9.9999364e-04
2.7154e+00,9.0651e-01,-2.4843e+00,9.9999326e-04
2.5293e+00,1.3275e+00,-2.4792e+00,9.9999304e-04
2.2858e+00,1.7176e+00,-2.4814e+00,9.9999314e-04
1.9884e+00,2.0701e+00,-2.4907e+00,9.9999348e-04
1.6407e+00,2.3769e+00,-2.5054e+00,9.9999387e-04
1.2471e+00,2.6281e+00,-2.5226e+00,9.9999419e-04
8.1461e-01,2.8123e+00,-2.5383e+00,9.9999441e-04
3.5440e-01,2.9187e+00,-2.5484e+00,9.9999453e-04
-1.1848e-01,2.9399e+00,-2.5502e+00,9.9999455e-04
-5.8686e-01,2.8746e+00,-2.5432e+00,9.9999447e-04
-1.0344e+00,2.7275e+00,-2.5293e+00,9.9999429e-04
-1.4482e+00,2.5084e+00,-2.5122e+00,9.9999401e-04
-1.8195e+00,2.2284e+00,-2.4961e+00,9.9999364e-04
-2.1428e+00,1.8983e+00,-2.4843e+00,9.9999326e-04
-2.4143e+00,1.5267e+00,-2.4792e+00,9.9999304e-04
-2.6304e+00,1.1207e+00,-2.4814e+00,9.9999314e-04
-2.7870e+00,6.8691e-01,-2.4907e+00,9.9999348e-04
-2.8788e+00,2.3238e-01,-2.5054e+00,9.9999387e-04
-2.8996e+00,-2.3410e-01,-2.5226e+00,9.9999419e-04
-2.8429e+00,-7.0073e-01,-2.5383e+00,9.9999441e-04
-2.7049e+00,-1.1525e+00,-2.5484e+00,9.9999453e-04
-2.4868e+00,-1.5726e+00,-2.5502e+00,9.9999455e-04
-2.1960e+00,-1.9455e+00,-2.5432e+00,9.9999447e-04
-1.8449e+00,-2.2596e+00,-2.5293e+00,9.9999429e-04
-1.4482e+00,-2.5084e+00,-2.5122e+00,9.9999401e-04
-1.0202e+00,-2.6900e+00,-2.4961e+00,9.9999364e-04
-5.7262e-01,-2.8049e+00,-2.4843e+00,9.9999326e-04
-1.1502e-01,-2.8542e+00,-2.4792e+00,9.9999304e-04
3.4464e-01,-2.8384e+00,-2.4814e+00,9.9999314e-04
7.9860e-01,-2.7571e+00,-2.4907e+00,9.9999348e-04
1.2382e+00,-2.6094e+00,-2.5054e+00,9.9999387e-04
1.6525e+00,-2.3941e+00,-2.5226e+00,9.9999419e-04
2.0283e+00,-2.1117e+00,-2.5383e+00,9.9999441e-04
2.3505e+00,-1.7663e+00,-2.5484e+00,9.9999453e-04
2.6053e+00,-1.3674e+00,-2.5502e+00,9.9999455e-04
2.7829e+00,-9.2909e-01,-2.5432e+00,9.9999447e-04
2.8793e+00,-4.6796e-01,-2.5293e+00,9.9999429e-04
2.6044e+00,-2.3740e-05,-2.8895e+00,9.9999561e-04
2.5536e+00,4.6338e-01,-2.8798e+00,9.9999449e-04
2.4240e+00,9.0974e-01,-2.8732e+00,9.9999351e-04
2.2211e+00,1.3270e+00,-2.8713e+00,9.9999318e-04
1.9507e+00,1.7043e+00,-2.8745e+00,9.9999372e-04
1.6195e+00,2.0307e+00,-2.8820e+00,9.9999479e-04
1.2354e+00,2.2957e+00,-2.8922e+00,9.9999586e-04
8.0851e-01,2.4883e+00,-2.9023e+00,9.9999663e-04
3.5206e-01,2.5990e+00,-2.9090e+00,9.9999704e-04
-1.1772e-01,2.6213e+00,-2.9103e+00,9.9999711e-04
-5.8290e-01,2.5538e+00,-2.9056e+00,9.9999684e-04
-1.0262e+00,2.4009e+00,-2.8965e+00,9.9999622e-04
-1.4330e+00,2.1708e+00,-2.8860e+00,9.9999525e-04
-1.7918e+00,1.8740e+00,-2.8771e+00,9.9999413e-04
-2.0938e+00,1.5212e+00,-2.8720e+00,9.9999331e-04
-2.3316e+00,1.1228e+00,-2.8718e+00,9.9999327e-04
-2.4989e+00,6.8962e-01,-2.8766e+00,9.9999404e-04
-2.5900e+00,2.3308e-01,-2.8852e+00,9.9999516e-04
-2.5998e+00,-2.3401e-01,-2.8957e+00,9.9999615e-04
-2.5246e+00,-6.9677e-01,-2.9050e+00,9.9999681e-04
-2.3640e+00,-1.1385e+00,-2.9101e+00,9.9999710e-04
-2.1221e+00,-1.5418e+00,-2.9094e+00,9.9999706e-04
-1.8085e+00,-1.8916e+00,-2.9029e+00,9.9999667e-04
-1.4366e+00,-2.1764e+00,-2.8930e+00,9.9999593e-04
-1.0211e+00,-2.3890e+00,-2.8828e+00,9.9999488e-04
-5.7650e-01,-2.5258e+00,-2.8749e+00,9.9999379e-04
-1.1609e-01,-2.5849e+00,-2.8714e+00,9.9999319e-04
3.4751e-01,-2.5654e+00,-2.8729e+00,9.9999346e-04
8.0180e-01,-2.4677e+00,-2.8791e+00,9.9999441e-04
1.2338e+00,-2.2928e+00,-2.8887e+00,9.9999553e-04
1.6295e+00,-2.0433e+00,-2.8991e+00,9.9999641e-04
1.9739e+00,-1.7246e+00,-2.9073e+00,9.9999694e-04
2.2528e+00,-1.3460e+00,-2.9106e+00,9.9999712e-04
2.4544e+00,-9.2118e-01,-2.9078e+00,9.9999697e-04
2.5722e+00,-4.6680e-01,-2.8999e+00,9.9999647e-04
2.2666e+00,-2.3740e-05,-3.2358e+00,9.9999655e-04
2.2132e+00,4.7040e-01,-3.2303e+00,9.9999578e-04
2.0649e+00,9.1934e-01,-3.2271e+00,9.9999524e-04
1.8287e+00,1.3286e+00,-3.2273e+00,9.9999527e-04
1.5142e+00,1.6816e+00,-3.2307e+00,9.9999583e-04
1.1335e+00,1.9632e+00,-3.2362e+00,9.9999660e-04
7.0180e-01,2.1599e+00,-3.2419e+00,9.9999723e-04
2.3766e-01,2.2612e+00,-3.2455e+00,9.9999756e-04
-2.3765e-01,2.2611e+00,-3.2453e+00,9.9999754e-04
-7.0171e-01,2.1596e+00,-3.2415e+00,9.9999719e-04
-1.1333e+00,1.9629e+00,-3.2358e+00,9.9999655e-04
-1.5140e+00,1.6814e+00,-3.2303e+00,9.9999578e-04
-1.8287e+00,1.3286e+00,-3.2271e+00,9.9999524e-04
-2.0650e+00,9.1938e-01,-3.2273e+00,9.9999527e-04
-2.2134e+00,4.7046e-01,-3.2307e+00,9.9999584e-04
-2.2669e+00,-2.3740e-05,-3.2362e+00,9.9999660e-04
-2.2215e+00,-4.7221e-01,-3.2419e+00,9.9999723e-04
-2.0771e+00,-9.2480e-01,-3.2455e+00,9.9999756e-04
-1.8393e+00,-1.3364e+00,-3.2453e+00,9.9999754e-04
-1.5195e+00,-1.6876e+00,-3.2416e+00,9.9999719e-04
-1.1333e+00,-1.9630e+00,-3.2358e+00,9.9999655e-04
-6.9920e-01,-2.1519e+00,-3.2303e+00,9.9999578e-04
-2.3627e-01,-2.2480e+00,-3.2272e+00,9.9999525e-04
2.3628e-01,-2.2481e+00,-3.2273e+00,9.9999527e-04
6.9928e-01,-2.1522e+00,-3.2307e+00,9.9999584e-04
1.1335e+00,-1.9632e+00,-3.2362e+00,9.9999660e-04
1.5196e+00,-1.6878e+00,-3.2419e+00,9.9999723e-04
1.8394e+00,-1.3364e+00,-3.2455e+00,9.9999756e-04
2.0770e+00,-9.2476e-01,-3.2453e+00,9.9999754e-04
2.2212e+00,-4.7215e-01,-3.2415e+00,9.9999719e-04
1.8812e+00,-2.3740e-05,-3.5379e+00,9.9999758e-04
1.8206e+00,4.6743e-01,-3.5351e+00,9.9999725e-04
1.6466e+00,9.0519e-01,-3.5339e+00,9.9999709e-04
1.3701e+00,1.2866e+00,-3.5349e+00,9.9999722e-04
1.0079e+00,1.5882e+00,-3.5376e+00,9.9999754e-04
5.8177e-01,1.7905e+00,-3.5406e+00,9.9999786e-04
1.1827e-01,1.8798e+00,-3.5422e+00,9.9999801e-04
-3.5287e-01,1.8498e+00,-3.5416e+00,9.9999795e-04
-8.0121e-01,1.7026e+00,-3.5390e+00,9.9999769e-04
-1.1984e+00,1.4486e+00,-3.5359e+00,9.9999735e-04
-1.5202e+00,1.1045e+00,-3.5341e+00,9.9999711e-04
-1.7473e+00,6.9176e-01,-3.5344e+00,9.9999715e-04
-1.8656e+00,2.3566e-01,-3.5366e+00,9.9999743e-04
-1.8673e+00,-2.3592e-01,-3.5397e+00,9.9999777e-04
-1.7511e+00,-6.9334e-01,-3.5419e+00,9.9999798e-04
-1.5237e+00,-1.1071e+00,-3.5420e+00,9.9999800e-04
-1.1998e+00,-1.4504e+00,-3.5400e+00,9.9999780e-04
-8.0073e-01,-1.7017e+00,-3.5369e+00,9.9999746e-04
-3.5215e-01,-1.8460e+00,-3.5345e+00,9.9999717e-04
1.1799e-01,-1.8754e+00,-3.5340e+00,9.9999711e-04
5.8094e-01,-1.7880e+00,-3.5357e+00,9.9999732e-04
1.0082e+00,-1.5887e+00,-3.5387e+00,9.9999766e-04
1.3727e+00,-1.2891e+00,-3.5414e+00,9.9999793e-04
1.6506e+00,-9.0744e-01,-3.5423e+00,9.9999802e-04
1.8236e+00,-4.6825e-01,-3.5408e+00,9.9999788e-04
1.4524e+00,-2.3740e-05,-3.7845e+00,9.9999844e-04
1.3733e+00,4.7142e-01,-3.7832e+00,9.9999833e-04
1.1458e+00,8.9175e-01,-3.7831e+00,9.9999833e-04
7.9437e-01,1.2158e+00,-3.7843e+00,9.9999843e-04
3.5667e-01,1.4084e+00,-3.7857e+00,9.9999854e-04
-1.1999e-01,1.4481e+00,-3.7861e+00,9.9999856e-04
-5.8352e-01,1.3303e+00,-3.7850e+00,9.9999848e-04
-9.8346e-01,1.0683e+00,-3.7836e+00,9.9999836e-04
-1.2769e+00,6.9098e-01,-3.7830e+00,9.9999831e-04
-1.4324e+00,2.3900e-01,-3.7838e+00,9.9999839e-04
-1.4329e+00,-2.3914e-01,-3.7853e+00,9.9999851e-04
-1.2779e+00,-6.9161e-01,-3.7861e+00,9.9999857e-04
-9.8397e-01,-1.0689e+00,-3.7855e+00,9.9999852e-04
-5.8336e-01,-1.3299e+00,-3.7840e+00,9.9999840e-04
-1.1989e-01,-1.4469e+00,-3.7830e+00,9.9999832e-04
3.5645e-01,-1.4076e+00,-3.7834e+00,9.9999835e-04
7.9448e-01,-1.2161e+00,-3.7848e+00,9.9999847e-04
1.1466e+00,-8.9249e-01,-3.7860e+00,9.9999856e-04
1.3742e+00,-4.7180e-01,-3.7858e+00,9.9999855e-04
9.8868e-01,-2.3740e-05,-3.9667e+00,9.9999899e-04
8.7534e-01,4.5939e-01,-3.9663e+00,9.9999896e-04
5.6162e-01,8.1363e-01,-3.9667e+00,9.9999898e-04
1.1919e-01,9.8156e-01,-3.9671e+00,9.9999901e-04
-3.5061e-01,9.2446e-01,-3.9669e+00,9.9999900e-04
-7.3997e-01,6.5554e-01,-3.9664e+00,9.9999897e-04
-9.5989e-01,2.3657e-01,-3.9665e+00,9.9999897e-04
-9.6003e-01,-2.3665e-01,-3.9670e+00,9.9999900e-04
-7.4011e-01,-6.5570e-01,-3.9671e+00,9.9999901e-04
-3.5058e-01,-9.2441e-01,-3.9665e+00,9.9999897e-04
1.1916e-01,-9.8140e-01,-3.9664e+00,9.9999896e-04
5.6165e-01,-8.1372e-01,-3.9669e+00,9.9999899e-04
8.7553e-01,-4.5954e-01,-3.9672e+00,9.9999901e-04
-3.5000e-07,-2.3740e-05,-4.1161e+00,9.9999922e-04
